{
  "version": 2,
  "root": {
    "ref": "1",
    "type": "pallet#0"
  },
  "objects": {
    "1": {
      "barcode": "Aster0id.BetterTestMap",
      "title": "Better Test Map",
      "description": "",
      "unlockable": false,
      "redacted": false,
      "author": "Aster0id",
      "version": "1.0.0",
      "sdkVersion": "1.1.0",
      "internal": false,
      "crates": [
        {
          "ref": "2",
          "type": "crate-level#0"
        }
      ],
      "dataCards": [],
      "tags": [],
      "changelogs": [],
      "isa": {
        "type": "pallet#0"
      }
    },
    "2": {
      "barcode": "Aster0id.BetterTestMap.Level.TestBetter",
      "title": "Test Better",
      "description": "",
      "unlockable": false,
      "redacted": false,
      "packedAssets": [],
      "mainAsset": "7addb75049ffcdb4a8a0b5b25278dc33",
      "tags": [],
      "multiscene": false,
      "isa": {
        "type": "crate-level#0"
      }
    }
  }
}