{
  "version": 2,
  "root": {
    "ref": "1",
    "type": "pallet#0"
  },
  "objects": {
    "1": {
      "barcode": "Aster0id.BlackMesaScientist",
      "title": "Black Mesa Scientist",
      "description": "Bored Of Being A Ford Then Become A BM Scientist",
      "unlockable": false,
      "redacted": false,
      "author": "Aster0id",
      "version": "1.0.0",
      "sdkVersion": "1.1.0",
      "internal": false,
      "crates": [
        {
          "ref": "2",
          "type": "crate-avatar#0"
        }
      ],
      "dataCards": [],
      "tags": [],
      "changelogs": [],
      "isa": {
        "type": "pallet#0"
      }
    },
    "2": {
      "barcode": "Aster0id.BlackMesaScientist.Avatar.BlackMesaScientist",
      "title": "Black Mesa Scientist",
      "description": "",
      "unlockable": false,
      "redacted": false,
      "packedAssets": [
        {
          "title": "PreviewMesh",
          "guid": "543c252a3788a8c48a59651699c56d70"
        }
      ],
      "mainAsset": "20c9d6b634ff14844b760def831181cc",
      "tags": [],
      "colliderBounds": {
        "center": {
          "x": 0.0,
          "y": 0.0,
          "z": 0.0
        },
        "extents": {
          "x": 0.0,
          "y": 0.0,
          "z": 0.0
        }
      },
      "isa": {
        "type": "crate-avatar#0"
      }
    }
  }
}